production_system,metric,value_usd,error_high_usd,error_low_usd,value_birr,error_high_birr,error_low_birr
Crop-Livestock mixed,amr_production_losses_median,487461016.0,92810427.0,112981361.0,21316670229.68,4058599972.7099996,4940674916.53
Pastoral,amr_production_losses_median,125889494.00000001,45449280.999999985,29208538.0,5505147572.62,1987497058.1299992,1277289366.74
Peri-urban (specialised dairy),amr_production_losses_median,68476843.0,63167099.000000015,51841206.99999999,2994492344.39,2762297239.2700005,2267015982.1099997
Crop-Livestock mixed,ahle_withoutamr_mean,9912538984.0,1370000000.0,1240000000.0,433475329770.31995,59910099999.99999,54225199999.99999
Pastoral,ahle_withoutamr_mean,3594110506.0,720000000.0,660000000.0,157170452427.37997,31485599999.999996,28861799999.999996
Peri-urban (specialised dairy),ahle_withoutamr_mean,1231523157.0,500000000.0,430000000.0,53854507655.60999,21865000000.0,18803900000.0
